,train_losses,valid_losses,mAPs,precisions,recalls,f1s
0,0.6880851556669991,9.695087364741735,0.04950055493895671,0.029126213592233007,0.05660377358490566,0.03846153846153845
1,0.5806695054162223,10.930299418313163,0.11524093251997918,0.11555695856938095,0.23180592991913748,0.15224122512854904
2,0.4992029031492629,11.304011378969465,0.08050081095903197,0.08189184764815018,0.15633423180592992,0.10693668857943968
3,0.41548119119878085,10.912335770470756,0.07816711590296496,0.05753968253968254,0.07816711590296496,0.06628571428571427
4,0.2996579706668854,10.637676477432251,0.5076846415504749,0.4547630028198541,0.5417789757412399,0.47541648064184344
5,0.26618142819629526,11.877518108912877,0.0,0.0,0.0,0.0
6,0.21007524009020823,10.779282944543022,0.49733827493261457,0.41200912823237223,0.5471698113207547,0.45949717979596
7,0.19339093650287054,12.394043615886144,0.05989077034025819,0.06701239054180232,0.11590296495956874,0.08475537670356058
8,0.21841845478651659,11.924418585641044,0.14205720974561847,0.1340905648947448,0.23180592991913748,0.16517344332424133
9,0.20586597835117915,10.819104398999896,0.41232796794710075,0.3105303730158396,0.47978436657681944,0.3733126374911497
10,0.14592845147510744,12.290457384926933,0.1389343506873894,0.11626374612846233,0.23180592991913748,0.15409020898061726
11,0.12836486452592993,11.49044156074524,0.5055647335014346,0.41316366100122676,0.5471698113207547,0.45856997444922104
12,0.11144548935710259,11.870312247957502,0.0,0.0,0.0,0.0
13,0.19910675807381575,11.194974524634224,0.0,0.0,0.0,0.0
14,0.346641203142562,12.843598161424909,0.0,0.0,0.0,0.0
15,2.340836999551305,12.586232594081334,0.0,0.0,0.0,0.0
16,1.0592948704395655,13.11853974206107,0.0012601953302761927,0.010452961672473867,0.016172506738544475,0.012698412698412691
17,1.141654888132833,13.161608457565308,0.07323751836048488,0.11210312845424722,0.22371967654986527,0.1461454787003093
18,0.24746606091283402,12.412414755140032,0.2853126164887277,0.3023093235702578,0.37196765498652296,0.3260952164432639
19,0.11910386777149057,12.237032651901245,0.3853841551485682,0.41298358761338444,0.4447439353099731,0.4087098079693576
20,0.10220692798776447,12.941653592245919,0.0,0.0,0.0,0.0
21,0.09538988178631044,12.514685801097325,0.027416041378305528,0.03369272237196765,0.0673854447439353,0.044923629829290206
22,0.07021901440226806,12.67049070766994,0.03778077268643306,0.046031746031746035,0.07816711590296496,0.05794205794205793
23,0.06511670041759059,12.99852088519505,0.034444292803499865,0.042124005027230835,0.0889487870619946,0.057150779621404545
24,0.06184542031501824,12.619965859821864,0.011925655239847201,0.03697850821744627,0.0646900269541779,0.046828103138334555
25,0.16806756627728353,12.552175862448555,0.10786589114295173,0.11480852207306723,0.1509433962264151,0.1296732442565248
26,0.13349072705462295,12.70634937286377,0.0019603038470963,0.005056890012642225,0.010781671159029648,0.0068846815834767575
27,0.07513282047408931,12.478959049497332,0.5063534847901425,0.5150426747940402,0.5256064690026955,0.4906640070718596
28,0.04933241283837354,13.099411589758736,0.06635813977897653,0.07525632262474367,0.14555256064690028,0.09909515124239048
29,0.04303909978776608,13.020769255501884,0.24953688915067737,0.300521039073175,0.3207547169811321,0.29785659351390975
30,0.04012943452821588,12.675079277583531,0.3602048930611064,0.2485581891155384,0.3719676549865229,0.2927037272860132
31,0.03902129828929901,13.566640990121025,0.0006342159505311559,0.008163265306122448,0.010781671159029648,0.00929152148664343
32,0.039128942801704945,12.701711245945521,0.2506738544474394,0.18364086454148568,0.2506738544474394,0.20857609102908636
33,0.035927777512455884,13.612335341317314,0.0006342159505311559,0.008048289738430584,0.010781671159029648,0.009216589861751143
34,0.04308635590351977,12.628524780273438,0.0,0.0,0.0,0.0
35,0.06826714946413939,13.48100311415536,0.0012157987082337385,0.014215225563909775,0.016172506738544475,0.015118215118215105
36,0.038624192394737925,13.004000323159355,0.15835893666082343,0.17317269053045328,0.32345013477088946,0.22366614439723562
37,0.031126071716535766,13.744590588978358,0.0008137110308701623,0.008791208791208791,0.010781671159029648,0.009685230024213069
38,0.02998218151195994,13.015026637486049,0.23134710568076886,0.2954079068434829,0.29380053908355797,0.2787008984668803
39,0.02703009468485724,13.219838721411568,0.07794090052691606,0.07731092436974792,0.14285714285714285,0.09967807178161536
40,0.02448730392135539,13.199237755366735,0.10022009194538775,0.07552083333333333,0.14285714285714285,0.09785745971574901
41,0.024060552166599147,12.754431281770978,0.4920059161457608,0.5395763177457391,0.5471698113207547,0.5128395874467259
42,0.02419739135734315,13.376591580254692,0.0008137110308701623,0.0071428571428571435,0.010781671159029648,0.008592910848549939
43,0.022796495659452565,13.510551588875908,0.0008137110308701623,0.008281573498964804,0.010781671159029648,0.009367681498829033
44,0.025002317819392907,12.835063219070435,0.49477092823558866,0.5315080552013484,0.5471698113207547,0.5124188010979269
45,0.030866814460956824,13.370059626443046,0.04282060120436768,0.060692020978328994,0.08086253369272237,0.06932654216185624
46,0.03409365251800924,12.899442774908882,0.5125958946713663,0.5548857331730791,0.5471698113207547,0.5202314470490936
47,0.024125126348632685,13.106283562523979,0.07499053906670106,0.05822829131652661,0.10242587601078168,0.07400990956654306
48,0.02006755031223567,14.0065940788814,0.005085693942938514,0.023419203747072598,0.026954177897574125,0.025062656641604
49,0.017560950743983377,13.029703106198992,0.4907909813809232,0.5269279654554685,0.5471698113207547,0.510971985132498
50,0.02043037861585617,13.063124792916435,0.41844717638551054,0.32617374311729186,0.4447439353099731,0.3697498645550593
51,0.022336375179155817,14.128571271896362,0.0008137110308701623,0.008791208791208791,0.010781671159029648,0.009685230024213069
52,0.027000200952280243,13.757954699652535,0.0,0.0,0.0,0.0
53,0.03518381250916787,14.014511517116002,0.0,0.0,0.0,0.0
54,0.11226850291186909,13.272455079214913,0.03369272237196765,0.032467532467532464,0.0673854447439353,0.04382120946538124
55,0.05538739538136518,12.899308409009661,0.30874273317242223,0.24485684883386966,0.31266846361185985,0.2614685032706174
56,0.026736429382888775,13.9155022416796,0.4622977672650372,0.518568157378899,0.5363881401617251,0.5050382792448801
57,0.01786013687345779,14.239072629383632,0.0008137110308701623,0.007326007326007326,0.010781671159029648,0.008724100327153756
58,0.016001934466778108,13.896797588893346,0.48110017313875497,0.49993479026291443,0.5363881401617251,0.4992708148781534
59,0.014135592318368409,13.715491839817592,0.11648888609408667,0.060813942708816175,0.1266846361185984,0.0815468507152077
60,0.013398574911198526,13.53693951879229,0.5323418862700613,0.5068612894338929,0.5471698113207547,0.5033515954316169
61,0.013685732113443455,13.573178018842425,0.389381104071131,0.3249744797984996,0.40161725067385445,0.3455465087120993
62,0.017172713219276013,14.142661537442889,0.035247345522464016,0.061311475409836065,0.059299191374663066,0.060223373968902816
63,0.031230929641509957,13.887614965438843,0.04277068606011291,0.055984555984555984,0.07816711590296496,0.06524184476940383
64,0.018200097429864812,13.380102702549525,0.49022534362391385,0.47548095772646193,0.5121293800539084,0.467862330790057
65,0.012935755299931427,14.332883528300695,0.07208640510151075,0.08188817398880735,0.15633423180592992,0.10645648191106215
66,0.0119420001283288,14.61688917023795,0.0008137110308701623,0.008528784648187633,0.010781671159029648,0.009523809523809516
67,0.01099755926022552,13.603606564658028,0.4316855271167595,0.3858402975476147,0.46091644204851756,0.40615530955659135
68,0.011557199675941243,14.570882320404053,0.04277068606011291,0.060041407867494824,0.07816711590296496,0.06791569086651053
69,0.04387550702634847,13.578649827412196,0.4160486179705681,0.4079142712060148,0.4474393530997305,0.40676742996433324
70,0.03640388029645074,13.676993574414935,0.0673854447439353,0.026068821689259645,0.0673854447439353,0.037593984962406006
71,0.018776069043801642,13.6640442439488,0.5271269610892253,0.5256395092088152,0.5471698113207547,0.5132165613395933
72,0.012710575348223155,14.155633313315255,0.35339601306242663,0.3874553351468402,0.4123989218328841,0.3939262297984954
73,0.01049027349448429,14.05087763922555,0.5018413048272355,0.4703893558821882,0.5471698113207547,0.4948528370168514
74,0.01067206370732132,13.710080419267927,0.5421267715850796,0.5047267875334668,0.5471698113207547,0.5023981358120756
75,0.01909168967801445,13.735673359462194,0.028075156246919423,0.055855855855855854,0.07547169811320754,0.06410703086892898
76,0.02066287711122126,14.307331732341222,0.04277068606011291,0.05178571428571428,0.07816711590296496,0.062298603651987104
77,0.015448268520522793,14.620885644640241,0.0008137110308701623,0.009685230024213076,0.010781671159029648,0.010204081632653053
78,0.01327128502768728,15.0281548840659,0.0,0.0,0.0,0.0
79,0.03074801150920256,14.471686397280012,0.04277068606011291,0.060041407867494824,0.07816711590296496,0.06791569086651053
80,0.01588080401690501,14.144822869982038,0.07816711590296496,0.041428571428571426,0.07816711590296496,0.05415499533146591
81,0.010852363487740732,14.19311009134565,0.046570829589697514,0.05536311514572384,0.1051212938005391,0.07247968372501647
82,0.030162759511819424,14.152037688664027,0.08309744092167583,0.12484613345102409,0.13746630727762804,0.12980248331934072
83,0.024008636468283412,13.909085273742676,0.5356746472173776,0.4810062356395402,0.5471698113207547,0.4935884161220471
84,0.011280707347224344,14.467279263905116,0.5105959868224019,0.503862394021417,0.5471698113207547,0.5099762915750204
85,0.011741315014660358,14.412906782967704,0.5152648660542384,0.4785317637887471,0.5471698113207547,0.4987224962199685
86,0.02658897903659996,13.545184782573156,0.5167431491329667,0.5141592721940605,0.5471698113207547,0.5093488712884114
87,0.017258251859050878,13.835090705326625,0.5407554777845405,0.5275052756240975,0.5471698113207547,0.512892912761363
88,0.022182220030786855,13.836101566042219,0.5332759295082042,0.4497265495345206,0.5471698113207547,0.4787980911160985
89,0.020057237671934208,13.753191164561681,0.5305777921893683,0.5068748935652375,0.5471698113207547,0.5056203513005227
90,0.009698662590586915,14.483596665518624,0.0785357994857019,0.05134038800705467,0.09433962264150943,0.06641860724389256
91,0.009545180981732765,13.925282614571708,0.4368200015104385,0.37945411833278914,0.46900269541778977,0.4046894617214353
92,0.011119352249463773,15.04414337021964,0.0,0.0,0.0,0.0
93,0.008055419555671935,14.589727231434413,0.5026689921251519,0.4755743132317263,0.5363881401617251,0.49222204656671714
94,0.006094000715200069,14.090979371752058,0.5433064516713838,0.4944423227090183,0.5525606469002696,0.4997166010102574
95,0.0058037789169488084,14.691995007651192,0.46844908556687515,0.46860060366574435,0.5363881401617251,0.4901723330661404
96,0.007302655311266206,14.842470679964338,0.19944316637299275,0.18701032993075653,0.2398921832884097,0.20659312050862794
97,0.007813343391665872,14.988441126687187,0.04277068606011291,0.05675146771037182,0.07816711590296496,0.06575963718820861
98,0.015438816422280276,14.13979973111834,0.5074907950601625,0.5226147438456381,0.5471698113207547,0.5055907131538951
99,0.017460708980852703,14.889737946646553,0.000673854447439353,0.002695417789757412,0.002695417789757412,0.002695417789757405
100,0.02761692964946324,13.969335147312709,0.0,0.0,0.0,0.0
101,0.012680980447187738,15.23212000301906,0.0,0.0,0.0,0.0
102,0.006842416684793413,14.238257476261683,0.07317560147748828,0.03481392557022809,0.07816711590296496,0.04817275747508304
103,0.008980762011389126,14.283996547971453,0.10656650443987235,0.07518351214003387,0.14285714285714285,0.09834083834506935
104,0.019539758071022213,14.766460078103202,0.23137154001002957,0.26162687517906863,0.27762803234501343,0.26689259236429047
105,0.011554589987082302,15.188769885471888,0.0,0.0,0.0,0.0
106,0.014129266046198472,15.508537020002093,0.0,0.0,0.0,0.0
107,0.017719243969416845,14.493553468159266,0.4336062655749377,0.47852915221683834,0.46900269541778977,0.44728262088033016
108,0.015017742001152825,13.95205797467913,0.5256738544474394,0.5206414903247202,0.5471698113207547,0.50872487317004
109,0.006564265776003869,14.274907793317523,0.5134506632841817,0.5433144395433706,0.5471698113207547,0.5167193472371027
110,0.005436870506701042,14.955066544669014,0.13394640162935947,0.1608837933259937,0.18867924528301885,0.17132907641504938
111,0.008420678426704879,15.017479453768049,0.4460051874078218,0.4179637373817452,0.4878706199460917,0.43969628116230897
112,0.03212903751025222,15.008928333009992,0.0,0.0,0.0,0.0
113,0.07079072581287825,14.880633013589042,0.07658157602663707,0.07142857142857142,0.07816711590296496,0.07464607464607464
114,0.022477720003083068,14.74122336932591,0.5191007734403962,0.5082557550742675,0.5471698113207547,0.5061695057138164
115,0.014561229262430713,15.758371489388603,0.0,0.0,0.0,0.0
116,0.0228490417050022,14.26114627293178,0.49941202817464336,0.4871109896830757,0.5471698113207547,0.503691871340348
117,0.007831043423206176,15.46683236530849,0.056585342509593496,0.07039550141959781,0.1293800539083558,0.09104580320391484
118,0.007807882775042979,14.948321785245623,0.4797657059921211,0.5019670793012827,0.5471698113207547,0.5028675701005098
119,0.010894132426606034,14.912272419248309,0.038421124765864144,0.042709867452135494,0.07816711590296496,0.05523809523809524
120,0.008490912387815287,14.865675687789917,0.0,0.0,0.0,0.0
121,0.009522765154405585,15.14205435344151,0.07863363052042296,0.05731622007968613,0.08625336927223719,0.06863422291993719
122,0.009125345491997476,14.647496461868286,0.5317301333787081,0.4214691203167706,0.5471698113207547,0.46632818370836115
123,0.0158361457112544,14.453129529953003,0.4812073437420536,0.48048154681366917,0.5471698113207547,0.4987426826106281
124,0.009167651865490765,14.786306142807007,0.5029880967061877,0.48038386028183716,0.5471698113207547,0.4996745572426836
125,0.004957502022526174,15.537922484534127,0.4411732756630929,0.427785743614269,0.5067385444743936,0.45625278534604746
126,0.005007515661418438,15.387545006615776,0.08584375010239055,0.06844819503047352,0.10242587601078167,0.0820572462363507
127,0.006745581528312474,15.393145424979073,0.49436350458441103,0.4975909904157682,0.5471698113207547,0.5111695066137764
128,0.007665324165433083,15.768093654087611,0.0,0.0,0.0,0.0
129,0.0052294636426388095,15.416441883359637,0.49491354320297004,0.48489708978745305,0.5471698113207547,0.5011469624429956
130,0.016927335481598693,14.624579872403826,0.5335522178915759,0.4671255842443412,0.5471698113207547,0.4907757619675456
131,0.02253219299018383,14.750251429421562,0.04277068606011291,0.042709867452135494,0.07816711590296496,0.05523809523809524
132,0.06614748732942455,14.655247483934675,0.0,0.0,0.0,0.0
133,0.03683992557860208,15.59176594870431,0.010132901553335872,0.02777777777777778,0.03773584905660377,0.03199999999999999
134,0.009337418493024021,15.448416437421526,0.06791988102983548,0.06648113790970933,0.11051212938005392,0.08249266261688619
135,0.004653086569511665,15.385247571127755,0.5065459045523125,0.4644679847831344,0.5471698113207547,0.4858750369842948
136,0.003467778398497206,16.137942722865514,0.0479541818096464,0.06822510822510822,0.09164420485175202,0.07795965608465606
137,0.0054740201119544375,15.540123871394567,0.5152648660542384,0.4185732318589462,0.5471698113207547,0.46422386206006394
138,0.004225370294045446,16.027678557804652,0.24587365002375167,0.26758582074581894,0.3018867924528302,0.2811900652479099
139,0.005338656579864756,16.16566038131714,0.04277068606011291,0.055984555984555984,0.07816711590296496,0.06524184476940383
140,0.005808829707708562,15.185934884207589,0.5052427752519965,0.48575425117064047,0.5471698113207547,0.5001383405745381
141,0.003730796259950917,15.350542749677386,0.5204565755657243,0.4562666700314784,0.5471698113207547,0.4825139879619081
142,0.004689721113844019,16.02399969100952,0.04277068606011291,0.05178571428571428,0.07816711590296496,0.062298603651987104
143,0.004024764623949831,15.393818855285645,0.5229517311153479,0.44751928933701934,0.5471698113207547,0.4798174478813193
144,0.003274628554277544,16.096167155674525,0.4336062655749377,0.4831465464863872,0.46900269541778977,0.46764885970364567
145,0.008426208391715333,15.22118810244969,0.46773921832884097,0.38139500316662156,0.46900269541778977,0.4068137631779673
146,0.011714737212179967,15.194841180528913,0.26265590608950845,0.2318089709033105,0.3018867924528302,0.25535124468008125
147,0.005418674761148275,16.128997121538436,0.04277068606011291,0.05835010060362173,0.07816711590296496,0.06682027649769585
148,0.012069146667238115,15.19213250705174,0.0,0.0,0.0,0.0
149,0.00955543436004587,15.110046148300171,0.46900269541778977,0.45096072908959156,0.46900269541778977,0.44004366416831797
150,0.0034111626006944,15.540067638669695,0.38254764784707357,0.3716336377666994,0.3881401617250674,0.36500394337267483
151,0.0026551773112688986,15.418433836528234,0.46900269541778977,0.43894941948407296,0.46900269541778977,0.4334897858810808
152,0.0034400980111281825,15.368104798453194,0.0,0.0,0.0,0.0
153,0.0034795697769677302,15.599661009652275,0.5146114314385396,0.5208444662606617,0.5471698113207547,0.5146661431030716
154,0.010686234333816002,16.16152218409947,0.0008137110308701623,0.008163265306122448,0.010781671159029648,0.00929152148664343
155,0.015868845905335445,16.063355786459788,0.35629068968447986,0.3794212322456694,0.39892183288409705,0.36954456923243656
156,0.021177690572825807,16.391188553401403,0.0,0.0,0.0,0.0
157,0.02903887706826318,15.145797422954015,0.4921540646835276,0.5165768577755172,0.5417789757412399,0.5051962904664229
158,0.03709858903696515,17.36109685897827,0.07899647522289031,0.08513575701794754,0.0889487870619946,0.08663272436857342
159,0.020916007494307914,15.844584737505231,0.20899055783666753,0.15753388496528437,0.21832884097035038,0.17832410177423652
160,0.007217601271135346,17.112660339900426,0.06626993850713528,0.06277056277056277,0.07816711590296496,0.06962785114045618
161,0.004613624020251182,16.89731012071882,0.08205031283411626,0.10186070776454222,0.11320754716981132,0.10709012070784014
162,0.0031303511229607292,16.745303085872106,0.1859882819503103,0.20363409774962626,0.22102425876010784,0.20899743163894108
163,0.003469462928204042,16.17653833116804,0.5152648660542384,0.43815143895979297,0.5471698113207547,0.47595187133012
164,0.0035668771213166555,16.194275174822128,0.5117733814779026,0.42322941965508265,0.5471698113207547,0.4681396792103848
165,0.011363700537432759,16.35826247079032,0.18728402101043612,0.1586259607336891,0.22102425876010784,0.1803565193151308
166,0.029016590492694446,15.499659981046404,0.36275528367274285,0.30804329606966135,0.40700808625336926,0.34051964740205637
167,0.009846310227898494,15.353447846003942,0.5398416442048518,0.5305125893793113,0.5471698113207547,0.519669004044429
168,0.01162160586846887,16.110034602028982,0.04277068606011291,0.06904761904761905,0.07816711590296496,0.07332490518331226
169,0.012443161305953871,15.348752975463867,0.0017023691303731023,0.011131725417439703,0.016172506738544475,0.013186813186813178
170,0.0045318944458761865,16.466765471867152,0.07426849879680067,0.06277056277056277,0.07816711590296496,0.06962785114045618
171,0.004660308167760102,16.357088906424387,0.44095168981961436,0.48546157229847225,0.49865229110512127,0.48065631664749525
172,0.003548688637444152,15.697668211800712,0.19091579098141853,0.18153313763633364,0.20215633423180593,0.1895224272582763
173,0.0043097653883105175,16.38131591251918,0.4966537929223068,0.511140560667626,0.5471698113207547,0.5117221329413394
174,0.004656500068827058,15.835671492985316,0.027570273392375815,0.036775106082036775,0.07008086253369272,0.048237476808905375
175,0.007812551697188953,15.625677142824445,0.4923347682775526,0.4925651078748734,0.5471698113207547,0.5005124741601014
176,0.009281118743051335,16.238112722124374,0.12093780196307787,0.11384474738512006,0.15633423180592992,0.13165195460277426
177,0.0052747184955427105,16.054077557155065,0.5117733814779026,0.4874140907973753,0.5471698113207547,0.4914427918804809
178,0.0024553863836874095,16.094748769487655,0.5117733814779026,0.4418579103642619,0.5471698113207547,0.4768655417629813
179,0.001631610767634691,16.782166481018066,0.07988759534323564,0.05565862708719852,0.08086253369272237,0.06593406593406594
180,0.002051150527308291,16.3582147870745,0.5117733814779026,0.4318364327879681,0.5471698113207547,0.4715987234003335
181,0.00328568333346959,17.0441837310791,0.05125083209742529,0.06682027649769585,0.07816711590296496,0.07204968944099378
182,0.00418582374344246,16.150290761675155,0.022143089713152115,0.03467406380027739,0.0673854447439353,0.045787545787545784
183,0.010856119151455615,16.98845100402832,0.1263436043680217,0.13544815839897809,0.14824797843665768,0.1414647730437204
184,0.005191607475456483,16.571934836251394,0.2964596906144395,0.3434330045516029,0.353099730458221,0.3461949226682118
185,0.0028300847866976598,15.967545781816755,0.0,0.0,0.0,0.0
186,0.006187808981059857,16.17756618772234,0.5062470374731983,0.5025210761289081,0.5471698113207547,0.5064354938112615
187,0.008780909623107258,16.91805682863508,0.5227931996126066,0.5541533496146085,0.5471698113207547,0.5313449402054239
188,0.0036109072411046276,16.84265865598406,0.0,0.0,0.0,0.0
189,0.010805644288237364,16.074776649475098,0.03447297489005532,0.03818953323903819,0.07277628032345014,0.050092764378478656
190,0.018626827746629715,16.646305561065674,0.4792903100164603,0.5346955369552493,0.5471698113207547,0.5223496886942056
191,0.008594323099010958,16.73027903693063,0.09193882436292918,0.13711578682866624,0.14824797843665768,0.1408716657092778
192,0.003837727475911379,16.038151059831893,0.5110152952245334,0.44602542218507557,0.5471698113207547,0.4780050945105828
193,0.0026486266870051622,17.14899778366089,0.0024777109682770056,0.007006802721088436,0.008086253369272238,0.007474606815203131
194,0.0016538098691699077,16.69446897506714,0.20561350052736432,0.162809780231383,0.23450134770889486,0.18753376253376253
195,0.0019155920193231893,17.426188945770264,0.0004577124548644663,0.006912442396313364,0.008086253369272238,0.007453416149068317
196,0.0030685981718014997,17.21070725577218,0.04277068606011291,0.06575963718820861,0.07816711590296496,0.07142857142857142
197,0.012877904397066472,15.997546332223076,0.08806794697227015,0.08051948051948053,0.12129380053908356,0.09673514890906194
198,0.008975823532860234,15.89412716456822,0.5117733814779026,0.5267446616086998,0.5471698113207547,0.518011927898545
199,0.006556795251046149,16.452439376286097,0.07816711590296496,0.05380333951762523,0.07816711590296496,0.06373626373626373
200,0.00320279285891579,16.107902799333846,0.5117733814779026,0.5255313682652172,0.5471698113207547,0.5147236069204714
201,0.0017255396024271283,16.892507484980992,0.5022985795502706,0.5227629851017319,0.5471698113207547,0.517233855299976
202,0.0048117802570626705,16.155274527413503,0.3148455318266639,0.34485052665064186,0.32345013477088946,0.3184444537412784
203,0.010606414185977488,17.167296750204905,0.04277068606011291,0.06473214285714286,0.07816711590296496,0.0708180708180708
204,0.010693560995794129,16.221392699650355,0.5085062083994089,0.5365102046536168,0.5471698113207547,0.5214158954659412
205,0.016488207469009003,17.18377297265189,0.04277068606011291,0.06473214285714286,0.07816711590296496,0.0708180708180708
206,0.02525018753027016,17.743994780949183,0.04277068606011291,0.05753968253968254,0.07816711590296496,0.06628571428571427
207,8.359236297338217,12.020623820168632,0.0,0.0,0.0,0.0
208,4.575381796315031,13.929184913635254,0.03504043126684636,0.01132404181184669,0.03504043126684636,0.017116524028966417
209,2.910066361697215,16.807462215423584,0.08309077215144448,0.07433177995607691,0.10512129380053907,0.08538171756521916
210,1.2748027443885803,13.053664582116264,0.1312904909017833,0.13912188181223187,0.22102425876010784,0.16870422869278517
211,0.5764362083853416,21.5277875491551,0.29442303521678925,0.3607456140350877,0.29919137466307283,0.3200658082570664
212,0.3960846010244118,19.14252417428153,0.04575507446359755,0.04511106332978542,0.07816711590296496,0.05625767350632912
213,0.4254384490678895,20.61853286198207,0.18909460666683217,0.18904882803663006,0.2425876010781671,0.2108525755702497
214,0.14870505034923553,20.664731366293772,0.2918739213182126,0.2568663336278532,0.37735849056603776,0.3006712216584906
215,0.09693842036825306,22.30671146937779,0.3847717038157129,0.3177596933461726,0.4204851752021563,0.36057437142842186
216,0.051258518061829066,25.19193696975708,0.09152692075673984,0.06998768407770364,0.1347708894878706,0.09171597011759318
217,0.06382131193465782,24.773119517735072,0.15631663462559334,0.1372161363540674,0.19946091644204852,0.1583913490401126
218,0.04732965287875454,25.504860128675187,0.15266573049591917,0.12037244998730283,0.1752021563342318,0.1410880141530296
219,0.07452233265733944,22.73488862173898,0.07741569326522724,0.10104733946170556,0.1536388140161725,0.12066923067757267
220,0.049143043118265436,24.071892465863908,0.3502770162079525,0.2715518258135311,0.40161725067385445,0.31990198940557235
221,0.055182841975452764,27.402429716927664,0.20403240778182688,0.16350095349091756,0.21293800539083557,0.18187904049973014
222,0.03184530848883233,24.235901287623815,0.5148168291288402,0.534847644946891,0.5471698113207547,0.5056543554197664
223,0.015621450044355303,25.605560438973562,0.3814561311809072,0.41034906907584073,0.4420485175202157,0.40670178599754075
224,0.013068809244289712,29.11122723988124,0.2581344659379191,0.2901068485281753,0.307277628032345,0.28948501273095856
225,0.009708113713576546,25.066550527300155,0.169909899252775,0.2210395513357502,0.25067385444743934,0.22378807524452116
226,0.009261260345086174,27.103291170937673,0.3011052142859713,0.3000045028308157,0.34231805929919135,0.3065787942316656
227,0.007658527311781105,23.769494329180038,0.14125298904088754,0.15025097966749454,0.23180592991913748,0.17364804045061336
228,0.007238972062280156,27.108928884778702,0.37378206265649344,0.38981814600677034,0.39622641509433965,0.37209132954750235
229,0.006964891560305402,24.798158168792725,0.1636880929740396,0.16364180848437687,0.2776280323450135,0.20363673122011647
230,0.006386280850560035,27.104565007346018,0.45668921178887617,0.48231301629637036,0.4986522911051213,0.46748816501479246
231,0.00561839864888,27.853646755218506,0.4066216518349616,0.43275875018435356,0.4366576819407008,0.40595202617858434
232,0.005449806911132808,24.355435167040145,0.10701488012251094,0.1054410528648577,0.18598382749326145,0.1318705229600508
233,0.005342300818741041,28.66855546406337,0.38837627958131726,0.3579224912633959,0.4258760107816712,0.37080672950238164
234,0.0065806657427324436,26.446047851017543,0.5130057311661086,0.5263748103602857,0.5471698113207547,0.49907881489089473
235,0.00854842124049956,26.164736407143728,0.3243711395956028,0.3917930763907068,0.3638814016172507,0.3608482468397632
236,0.013919869508102254,24.233556066240585,0.2027960773548383,0.18028244089066545,0.2857142857142857,0.21411570182352588
237,0.017092367001580743,27.401311125074113,0.4628662785869065,0.4331380137027977,0.4986522911051213,0.452685418512949
238,0.03106947431235381,31.077435152871267,0.4297766524181618,0.5306314208117506,0.4474393530997305,0.46421162176449426
239,0.01208576278866462,26.039536135537283,0.5176521591615931,0.5300748790165662,0.5471698113207547,0.5018047774156549
240,0.0045902024436179755,25.88784170150757,0.512918075303027,0.5289779213987513,0.5471698113207547,0.5011146508812923
241,0.006003042603930774,24.45649916785104,0.15965725262128275,0.13413897878890396,0.23450134770889486,0.1674145315108695
242,0.01829363027025225,28.407256262642996,0.3066170004361286,0.31616372988059843,0.3504043126684636,0.3085972680049335
243,0.0178125431532708,28.92608710697719,0.33433378035664496,0.4054880276764775,0.38005390835579517,0.36869224079568225
244,0.005203407723456621,28.08023480006627,0.4968601123448228,0.508954101132214,0.5363881401617251,0.4987582564368562
245,0.004916931449804666,25.13326699393136,0.07142553981126688,0.09182338905963672,0.19137466307277626,0.12285017932660006
246,0.005429930787287512,25.76965093612671,0.15826740115923088,0.13610467409024568,0.215633423180593,0.16565334157614955
247,0.007702110137544431,27.38027947289603,0.5128372675542487,0.5117796859757903,0.5471698113207547,0.49859925050436554
248,0.009684661517517184,28.823060376303538,0.45230349784676394,0.5117255759321074,0.4959568733153639,0.4790192021222511
249,0.010465452122449313,28.846472195216588,0.4370378049623333,0.4510565169699797,0.45822102425876016,0.4254953720616956
250,0.006311214766201546,26.067988668169296,0.14203881886549988,0.12159863945578232,0.1967654986522911,0.14943800731485132
251,0.0037741337085740183,27.2945511000497,0.5152864141096342,0.5371140551082093,0.5471698113207547,0.5068621079238957
252,0.0029241362990776324,30.096706049782888,0.4489598451862603,0.4051468246898395,0.46900269541778977,0.41843959780505235
253,0.0034936772360694857,26.650214331490652,0.19411079192754452,0.25224708680420177,0.25606469002695414,0.2351610835698014
254,0.004468140728279667,29.091790539877756,0.5154341538084525,0.46762156524613896,0.5471698113207547,0.490363628011886
255,0.011701666455680751,25.86406639644078,0.03912848158131177,0.04085634253701481,0.08086253369272237,0.054284547628769754
256,0.018710488497437734,28.14425734111241,0.48660640965657925,0.4912716357314694,0.5148247978436659,0.48317393450626145
257,0.006924007650253907,25.90638746534075,0.09044323594295048,0.09885473176612418,0.16711590296495957,0.12247748180428297
258,0.003194591575214323,25.278688226427352,0.25054587005047085,0.26374055521337986,0.33962264150943394,0.2794705195733757
259,0.002461897051137573,33.30696569170271,0.002695417789757412,0.002070393374741201,0.002695417789757412,0.002341920374707253
260,0.0022654483283711772,29.286218575068883,0.5038824334765353,0.44268425948748397,0.5363881401617251,0.4743957728882502
261,0.002316081876655654,25.766694000789098,0.16562435626218566,0.12091989633806054,0.22911051212938002,0.15814161209039018
262,0.0028347488677234584,27.823343413216726,0.5130301461823201,0.5011960655734173,0.5471698113207547,0.49449807666960455
263,0.007312028312985346,25.438261577061244,0.13241383912313312,0.1299302414396754,0.2425876010781671,0.16714506532234208
264,0.025855074197335064,27.473002229418075,0.16450216450216448,0.20668519123896698,0.18328840970350407,0.180336547551522
265,0.020904245224060876,29.26604495729719,0.49933024608672355,0.48942954194113775,0.5256064690026955,0.48816782318086416
266,0.008502949600301261,32.69814559391567,0.4121119213832292,0.5045983233757884,0.444743935309973,0.45253732836738003
267,0.006646313704550266,29.73423889705113,0.38842525399129174,0.4016249258782792,0.431266846361186,0.38847050393805815
268,0.006546453252118433,30.268775463104248,0.41651116179418063,0.42148357058985597,0.4474393530997305,0.41486629380825574
269,0.005419106152400655,29.648369925362722,0.38856881284885253,0.3975008203327519,0.4339622641509434,0.38687730410230703
270,0.022615550775608083,26.870403834751674,0.03951055482906781,0.04953744278897654,0.0889487870619946,0.06323306323306321
271,0.031800874517703394,28.278722081865585,0.4539511670285906,0.43008690831799035,0.46361185983827496,0.4329859627674252
272,0.007689447612238099,26.685118470873153,0.3212844951135141,0.40017944779180736,0.3557951482479784,0.35961455939604675
273,0.004025848955794607,32.074715341840474,0.21891652345171422,0.3219059184576426,0.2452830188679245,0.2699017125522629
274,0.006666241165355973,26.27690417425973,0.20903199623801022,0.19668802831105486,0.32614555256064687,0.23938826783631026
275,0.002823231412308677,25.393622262137278,0.29860258189624506,0.3008790932097042,0.3638814016172507,0.3080306373007122
276,0.002117788807910709,27.590327671595983,0.5022985795502706,0.5002210241202404,0.5471698113207547,0.495552680345369
277,0.0018155286967192056,25.763578619275773,0.29475382266626804,0.29736463090099907,0.36118598382749323,0.3047469116073906
278,0.001832091418657241,26.672849314553396,0.1924227191762709,0.18412845649957535,0.30458221024258764,0.2246993171489138
279,0.0016361301575945515,32.01834283556257,0.21052319833712158,0.27120867372720103,0.2533692722371968,0.24773575075323667
280,0.00171962535702887,27.214107854025706,0.26693170393356047,0.33537146083729935,0.2830188679245283,0.293684198483569
281,0.0016590689664776877,28.05783830370222,0.5022985795502706,0.4542763165868858,0.5471698113207547,0.4766954128974676
282,0.00214414880830654,25.744585854666575,0.1695865355467713,0.1542056492018295,0.2452830188679245,0.17884965943725936
283,0.002736924123897586,26.90578522000994,0.19533432711456036,0.19357414228731365,0.3207547169811321,0.2359167169498862
284,0.002940579864442489,27.491641998291016,0.39177246956036804,0.4243127654614151,0.4123989218328841,0.3975324074954833
285,0.005027119566704023,29.632139137813024,0.448533564369144,0.4127188891814463,0.47978436657681944,0.4340649518644179
286,0.0053138538035300545,32.491665022713796,0.4264569579664501,0.46645775820236857,0.4555256064690027,0.44284450893167543
287,0.007370564216783024,32.28918784005301,0.37707844715930966,0.38601613874494767,0.39892183288409705,0.3745050825530339
288,0.008760841501841568,29.094761439732142,0.45026671441765787,0.43097811348014653,0.47978436657681944,0.4398916281678715
289,0.00550472519123259,32.299385751996724,0.4489598451862603,0.46194644167430493,0.46900269541778977,0.44760974023224626
290,0.006689267274747901,26.31636278969901,0.2879225740644088,0.2948464209846768,0.3207547169811321,0.28537025999592325
291,0.0021131599546005985,30.320523466382706,0.4475067385444745,0.4201971273457276,0.46900269541778977,0.4229781488775492
292,0.003546344360143368,27.221223490578787,0.0748667741030724,0.09503593890386343,0.18059299191374661,0.12276171788842896
293,0.030400694998086623,28.83220079966954,0.4056166957020433,0.36028258161661536,0.4528301886792453,0.38931272134933453
294,0.02921825404858814,27.45306362424578,0.303992303992304,0.25454199025254537,0.32345013477088946,0.279174102923104
295,0.004452547381350876,31.332807268415177,0.1928951551593061,0.2545763760049474,0.21832884097035038,0.22491965190001015
296,0.004149366741261954,31.55826323372977,0.08278783211397767,0.09048101999420458,0.09433962264150943,0.08938290091283438
297,0.002333925757996457,26.980418069022043,0.19128735068878205,0.22684134807556733,0.22102425876010784,0.21215652375607
298,0.007707891168670272,28.336984361921036,0.5102819687051493,0.45781121917186984,0.5444743935309974,0.4829832727500212
299,0.011399830770590957,31.607150077819824,0.04850141913984496,0.04977098633815052,0.07008086253369272,0.057660455486542424
300,0.007702014778020247,28.019807406834193,0.5235644858286369,0.5064616346257779,0.5444743935309974,0.5006086277239171
301,0.005459597707673345,27.152469771248953,0.45813880329169854,0.4440912148093451,0.46091644204851756,0.42994435368116124
302,0.00371278620342601,28.321988446371897,0.523615572048348,0.4837911990314207,0.5471698113207547,0.49618805021626133
303,0.0027033143022255797,27.785064220428467,0.5108535279028209,0.4944854133604606,0.5471698113207547,0.49395700279864563
304,0.0024384473656954347,25.921446527753556,0.18232095061037742,0.15450829520370854,0.24258760107816713,0.1790112246576062
305,0.0014323558183914086,27.36296878542219,0.3018867924528302,0.3569436515865088,0.3018867924528302,0.3147260714612716
306,0.0013429010583456817,29.22419125693185,0.4612125296087561,0.4114628455613755,0.48247978436657685,0.43280869179194026
307,0.002826079721826146,26.850350652422225,0.19544877157108775,0.14794337768086743,0.2371967654986523,0.18040187572419572
308,0.005388076570904198,27.71384334564209,0.37391950924807144,0.3932403131082603,0.37466307277628036,0.3638023100691389
309,0.004958620846253943,30.785585267203196,0.4406810619748625,0.3977959890249806,0.4609164420485175,0.41656802198146886
310,0.0025126958938034355,28.92146703175136,0.5223840652933776,0.4444357065751675,0.5471698113207547,0.48101044736383086
311,0.0012291712073591661,27.445701326642716,0.2358490566037736,0.27265278581068053,0.2371967654986523,0.24173793685988804
312,0.002059117561417087,27.900640419551305,0.5161990525198074,0.513255555826049,0.5471698113207547,0.49852084228383725
313,0.009897188722806156,33.34224115099226,0.27747828691224924,0.3200470768017352,0.28840970350404316,0.29943563586392574
314,0.008120539018286849,29.24108021599906,0.5260644359741982,0.5379792179319302,0.5390835579514824,0.5091922881131249
315,0.00824856103995358,28.9402072089059,0.5353758999311561,0.5397542557065621,0.5471698113207547,0.5131533876753173
316,0.004498914042312019,27.201631341661727,0.036960548060727384,0.04245839923369941,0.08625336927223719,0.056882609907983994
317,0.004379645567650924,26.55053104673113,0.30450529886782546,0.30771417810129054,0.3261455525606469,0.29550171433210276
318,0.0026528625419574244,29.20187861578805,0.5199115747261487,0.4595573993228267,0.5471698113207547,0.4894910309261405
319,0.00200404824451807,27.797137669154576,0.31815556411243745,0.3655742867640393,0.3369272237196766,0.3351127326656562
320,0.0013081818348991703,32.86109842572893,0.22633341501266033,0.25758485212266724,0.23450134770889486,0.23325853747139777
321,0.0020493230835165618,33.36485644749233,0.04052772274321876,0.04449648711943794,0.05121293800539083,0.04761904761904761
322,0.004052860761184315,27.657750810895646,0.30932242773491964,0.360518200335134,0.33423180592991913,0.3322719307371411
323,0.008065158720918984,27.120843274252756,0.19625429872664743,0.17694093994009982,0.24258760107816713,0.19612175340464716
324,0.00659654610175288,28.187417915889196,0.4701782417357375,0.482815563358332,0.5013477088948787,0.4678523750569959
325,0.003255915880765555,30.119155270712717,0.5294570658452061,0.5060993069622822,0.5471698113207547,0.5063724827549924
326,0.001266829760630949,27.6821825163705,0.35504125744854437,0.3812015418439305,0.36657681940700815,0.3549322821970905
327,0.001436999977021566,26.429732867649623,0.17550310360980495,0.16377003926829695,0.25606469002695414,0.190595142948318
328,0.0014133349012688927,27.36091354915074,0.20081175832932135,0.1733504539076158,0.3018867924528302,0.21598385767711129
329,0.0013091937816736973,30.41129527773176,0.5227171750082802,0.4711005245929254,0.5444743935309974,0.4920219582657112
330,0.004430033734402145,31.607269559587753,0.10504075313638186,0.09050500061736018,0.12129380053908356,0.10188751556960811
331,0.012582178341822242,25.965038435799734,0.302686852229506,0.30981459134924483,0.3153638814016172,0.2910132220291429
332,0.008574078004490936,26.145964554377965,0.3222497272101707,0.326543135536076,0.34501347708894875,0.31538505313878307
333,0.003219443015350064,32.695418221609934,0.21443375408318577,0.2898073275431766,0.22641509433962265,0.24863831327181446
334,0.004145344365651737,26.33073616027832,0.21408334671184376,0.2323736906656392,0.24797843665768196,0.21955208626957146
335,0.021083863192888082,30.963402339390345,0.22415722992275364,0.22200974359827166,0.2398921832884097,0.22763095012781903
336,0.013828595889345655,31.096191338130406,0.24224477241572173,0.3281734669568935,0.29919137466307283,0.3029467150418724
337,0.004701073905277364,26.257480961935862,0.18082577927972085,0.14783119533953473,0.2695417789757412,0.19031397114180124
338,0.0022947843239273665,25.659803662981307,0.31206878677600863,0.3109656274135734,0.33962264150943394,0.3013954845331095
339,0.0026647512238683565,28.443757261548722,0.5022985795502706,0.5237116153084329,0.5471698113207547,0.5053632470012397
340,0.004355095507014754,32.84417275020054,0.31045948675242424,0.36277915711379266,0.3719676549865229,0.3578173896507729
341,0.006661287425437344,30.021620205470494,0.44365119836817957,0.4618674039428388,0.45822102425876016,0.4395087567261888
342,0.002944030763827405,27.031649862016952,0.17609431782062446,0.16173410539673796,0.2830188679245283,0.20226885549626358
343,0.0024446103730643132,29.980958734239852,0.4595278934901577,0.4113589676384584,0.46900269541778977,0.42756399553500696
344,0.001813917001270039,32.663605962480815,0.13835979868709253,0.19493231648227408,0.19407008086253372,0.18715331167192525
345,0.0019046897046654573,30.165727955954416,0.43947404796461403,0.4189392283207827,0.47169811320754723,0.42956378282705593
346,0.0018890527459212913,28.886677742004395,0.5331743727970143,0.5266704286802386,0.5471698113207547,0.5055237628217937
347,0.0014513470375260233,28.71386534827096,0.5256738544474394,0.5246860032896284,0.5471698113207547,0.5057100108574452
348,0.005550732958033892,29.218831539154053,0.5091678109478038,0.5237116153084329,0.5471698113207547,0.5053632470012397
349,0.006518667128885973,28.389574936458043,0.46760142777430636,0.4830733240251293,0.4959568733153639,0.4680224514437395
350,0.002290888597204719,31.628383500235422,0.23608537642611502,0.2985377682886042,0.2695417789757412,0.27131202301541835
351,0.005212695900139943,27.77242422103882,0.13699362547411215,0.11788999578085153,0.22641509433962265,0.15439610785234895
352,0.022296798758138465,29.072102069854736,0.4608709349949242,0.43631532941599843,0.48247978436657685,0.4374283730266658
353,7.6709110857040255,16.45974029813494,0.04220464000456507,0.027969011683904293,0.08625336927223719,0.04107458465889006
354,3.242854876338311,18.790269374847412,0.0025592855781535026,0.006160358880394262,0.016172506738544475,0.008897172028198676
355,1.647781935502898,19.91875614438738,0.001572327044025157,0.006973267282545633,0.013477088948787061,0.009163449163449149
356,0.4351233713469415,22.210828372410365,0.16978489509011152,0.15487557128707716,0.20754716981132074,0.17405457680924039
357,0.2594793715848113,23.485023839133127,0.1889419392867669,0.13051214624570667,0.2452830188679245,0.16849990390512365
358,0.18492327693779514,24.79718542098999,0.05368976188754978,0.07219662058371736,0.1266846361185984,0.09197651663405086
359,0.08897106953949299,25.447073527744838,0.1396505251417418,0.0837044043967458,0.19137466307277626,0.11625717636891165
360,0.08418017341140306,26.08276857648577,0.024258760107816708,0.028571428571428574,0.04043126684636118,0.03348214285714285
361,0.08346862704405245,26.547209875924246,0.042863631501139025,0.0420315587789782,0.08086253369272237,0.05527609356769885
362,0.24201028681588624,27.647193908691406,0.1301388919624815,0.15447139952090447,0.20215633423180593,0.16897810250062412
363,0.05538162828054068,26.986386367252894,0.1459817928477778,0.1271472991991591,0.20754716981132074,0.1560564598364773
364,0.0758556695479267,26.14116246359689,0.27274896119536823,0.20482929469101582,0.31805929919137466,0.24846415460159116
365,0.026975089051532296,27.833446093967982,0.16980956706715045,0.11557678530804416,0.22102425876010784,0.15163403156391758
366,0.018217564947059693,27.12332432610648,0.3111109894021962,0.25639908351737434,0.34501347708894875,0.2858343429745182
367,0.01696966319643664,28.47331408091954,0.12453436440125036,0.10019384241700091,0.15902964959568733,0.12159738365102517
368,0.025785777752973,28.942728519439697,0.19610550005592886,0.14436761728422803,0.23450134770889489,0.1777883580589044
369,0.016182461700771214,28.255425589425222,0.3556666507771945,0.313947893662908,0.3962264150943397,0.3400790112517191
370,0.022638917566751533,27.840349197387695,0.5009917103188731,0.40829541489455023,0.5363881401617251,0.44825638376490035
371,0.014844526290752977,29.64629820414952,0.1253826763855779,0.10402853813468164,0.15902964959568733,0.1244125247181866
372,0.022652001787890803,27.850688116891043,0.13598535275178086,0.12857566122735256,0.16442048517520216,0.1410878129060446
373,0.028952851135916304,29.27098090308053,0.26143791564880886,0.218812525010004,0.2776280323450135,0.23895012345814845
374,0.020322779369241786,29.820198672158376,0.1054978088972884,0.10203943593506007,0.16172506738544473,0.12360739515286323
375,0.009559250779379651,28.293158871786936,0.5035908631875677,0.4031690263063578,0.5390835579514824,0.44916279891198096
376,0.007796999646948194,29.882514681134904,0.1955145032568585,0.153305711412209,0.22102425876010784,0.17562644336837882
377,0.006351168535403766,30.12472105026245,0.21878689568530632,0.19153234497194907,0.25876010781671155,0.2147610747576479
378,0.005577825088897404,28.748636518205917,0.2977508395670438,0.27188786787032376,0.3773584905660377,0.3081080112534155
379,0.00601071229134247,30.39599221093314,0.25430654920493795,0.2175678393815232,0.29919137466307283,0.24624739894527597
380,0.005164293567913602,30.016776697976248,0.24311462430662514,0.2244334352932635,0.28301886792452835,0.24505392642417392
381,0.004677862218879866,30.29752799442836,0.18975354892382904,0.1756544630864078,0.2371967654986523,0.1971513375351192
382,0.006054833860857025,29.496841430664062,0.1842806324635491,0.17303743956798176,0.22102425876010784,0.18203228637527194
383,0.008641156846797973,30.28320680345808,0.24548112373421413,0.2299422212141025,0.29649595687331537,0.2525404773982328
384,0.006906742867047213,30.313098158155167,0.2139743470582768,0.18576800688069106,0.2452830188679245,0.20309166205367163
385,0.005889954932807189,30.026559829711914,0.20510055981754097,0.20085246408847676,0.2452830188679245,0.2166629270340829
386,0.006477863659625346,29.127994196755544,0.5117733814779027,0.4082034566306757,0.5471698113207547,0.4550232146197714
387,0.004737899484956321,29.871345588139125,0.2985180224673955,0.2939830864781524,0.31805929919137466,0.285728883290896
388,0.003889058013710211,31.036296027047293,0.09726785892554088,0.07282373084721121,0.1347708894878706,0.09453361434928254
389,0.0030749945369777532,30.62959589276995,0.2666819192518607,0.23121874722097216,0.31266846361185985,0.25936528841902035
390,0.0031968752484557764,29.502165385654994,0.5117733814779027,0.4285793407561992,0.5471698113207547,0.4623082040945464
391,0.003075206166853742,31.11926657812936,0.1894003452616488,0.16640369896232224,0.22641509433962262,0.18579331790114886
392,0.002684956152905833,30.832143442971365,0.32776595815911735,0.26728005264124877,0.3719676549865229,0.30400164159583154
393,0.004163840337533434,30.14723117010934,0.15271074259363132,0.11561344296651076,0.17250673854447438,0.13395974225467308
394,0.0039012586557359064,29.632780960627965,0.35419270756197985,0.3124121755882362,0.39892183288409705,0.3401461601554427
395,0.00267263920318757,31.59157398768834,0.06440764985239378,0.04867446115515877,0.09433962264150943,0.06420211182115942
396,0.0028008733006229377,30.557368210383824,0.2123367198838897,0.1931073040502672,0.2479784366576819,0.2110049806824
397,0.00447296587100147,30.9019832611084,0.2983706488819365,0.2531296046034678,0.353099730458221,0.28796926970876396
398,0.009301074710235281,29.61643075942993,0.5117733814779027,0.42280131355408906,0.5471698113207547,0.4604895587130785
399,0.009105100195398027,30.82108007158552,0.1599212108646071,0.1566379943135056,0.1967654986522911,0.16917264272822888
400,0.006635161476947789,30.28042084830148,0.2672989879469053,0.24933728054777335,0.3072776280323451,0.26890695911562684
401,0.007183559941795637,30.812750135149276,0.24777201606832616,0.21942437404834708,0.2964959568733154,0.2449292079086851
402,0.004048222640775285,30.10385411126273,0.2852729993894551,0.2820143614653756,0.29649595687331537,0.27036104388701776
403,0.004814722623570629,29.471506663731166,0.18297028886125294,0.16748127554220674,0.2587601078167116,0.19539513203830208
404,0.0035875059998119775,30.739849635532924,0.2587614248810404,0.24477208605933673,0.31266846361185985,0.26841031149301825
405,0.00364459587155648,31.279076439993723,0.22378519855628376,0.1824452618688353,0.25336927223719674,0.20541777980657436
406,0.011138617280730099,30.342154911586217,0.32555813737336187,0.3343533164246643,0.36388140161725074,0.3248471839359352
407,0.009547162853743671,30.713283402579172,0.16051677665210523,0.11698501286488568,0.18059299191374661,0.13677432187499297
408,0.005943486467003822,30.483817100524902,0.21971119154860855,0.1653039711694307,0.2668463611859838,0.1997257866882581
409,0.004743062324365074,29.289636748177664,0.17678186932572465,0.19585085711360645,0.2803234501347709,0.2152896927114991
410,0.003244659193475151,29.448175021580287,0.4121789516435096,0.34741581665455173,0.45552560646900275,0.37615120653742246
411,0.002656993587975794,31.387024334498815,0.1846640022306906,0.1350189198486412,0.19946091644204852,0.15608800750341237
412,0.003760365277247609,31.34914125714983,0.06782995223908826,0.03636363636363636,0.07547169811320754,0.04907975460122699
413,0.00834484659750366,29.625705855233328,0.41402080224191423,0.33665696766040865,0.4555256064690027,0.37371415149997994
414,0.003646599519822114,29.87506709780012,0.5117733814779027,0.4569425297424584,0.5471698113207547,0.4688373311719878
415,0.0022813773006727955,31.71241773877825,0.07277628032345014,0.03766233766233766,0.07816711590296496,0.05083260297984223
416,0.0019685158853085254,29.754548958369664,0.31114082187602027,0.30242646744764073,0.36118598382749323,0.3118627654731459
417,0.001863850460756781,29.767233507973806,0.3264675251012271,0.3086001190394745,0.37735849056603776,0.32206081414367027
418,0.00710156376095805,29.81896768297468,0.23749780365014114,0.21878852355880185,0.2857142857142857,0.23892783259382488
419,0.026536630703804066,31.003076825823104,0.234594293149921,0.17940120787755834,0.2371967654986523,0.19637313157195338
420,0.02101306646693287,31.127350534711564,0.05409636601217461,0.053912474080541305,0.08625336927223722,0.06607585962424671
421,0.004597010697185431,30.624724864959717,0.1434367688488413,0.1247590174637921,0.20485175202156336,0.1510142238713667
422,0.0030734017864748274,30.416789327348983,0.28708122535762554,0.2890439978752424,0.2938005390835579,0.27576607837803363
423,0.0018481328459632284,30.65160138266427,0.21627408282766586,0.19999940518323328,0.23180592991913748,0.20741980407637609
424,0.0015468440009808204,31.77311761038644,0.06932609931897936,0.06300067627965124,0.09703504043126684,0.0762247707616547
425,0.0015859562916821749,31.97567217690604,0.06739868539272709,0.03361344537815126,0.07547169811320754,0.04651162790697674
426,0.001447817025143864,30.92324720110212,0.2023636740617873,0.19410177647162238,0.24797843665768196,0.21248686727866223
427,0.0014303522338247243,31.04888698032924,0.23395281929076367,0.2394864108771774,0.3018867924528302,0.2582938835682675
428,0.0014532492100700456,30.15910632269723,0.31782514817648194,0.28609700543573735,0.3638814016172507,0.3074481711614322
429,0.0021344029810279608,31.150163173675537,0.24716271387523361,0.2797946716078469,0.2776280323450135,0.2642196964155912
430,0.0032434820720293332,31.337321826389857,0.19697283848227246,0.2078331881002468,0.23180592991913748,0.2138092515451006
431,0.0019398535237173146,31.5812954221453,0.16547297645373074,0.16017877125002872,0.1913746630727763,0.16420330509877018
432,0.0031454524789708404,30.62837771006993,0.5117733814779027,0.41555507361831906,0.5471698113207547,0.45772755697181183
433,0.006849993371738578,31.19560398374285,0.10962082245714906,0.10141486381786757,0.16711590296495957,0.12551167100781402
434,0.004065830295659461,30.00286204474313,0.31453305438009777,0.26424639703884384,0.4043126684636119,0.3049460296198272
435,0.0015719934621439228,30.45232125691005,0.5117733814779027,0.4514140480125784,0.5471698113207547,0.4692556298518529
436,0.0010823660710264208,31.80587523324149,0.15650418918380624,0.08716629508946437,0.16172506738544473,0.11293793994819334
437,0.0012619365555814133,31.32702738898141,0.2551039957494305,0.23738416339180052,0.29649595687331537,0.25673971489609254
438,0.0019568318417647257,31.902975218636648,0.30353609767385686,0.2701933283689698,0.3504043126684636,0.29371338474477066
439,0.0037185606603809406,31.34705707005092,0.2943889577255544,0.2778858415655392,0.35309973045822096,0.3031706988657316
440,0.0025747261330801643,31.230910982404435,0.2673585575250175,0.2504132959531319,0.3126684636118599,0.2690114241609258
441,0.002627152854023185,30.28168283190046,0.2854800632028999,0.26347199722815673,0.33153638814016173,0.28182568505576405
442,0.0016908166767537313,31.803026744297572,0.22128915326703227,0.18696272727301613,0.24528301886792456,0.20656018902826512
443,0.0011089811033463844,30.503213746207102,0.3323112257633071,0.27716935509651475,0.3773584905660377,0.3085025849242819
444,0.002598755588790156,31.607414926801408,0.07509991634910308,0.0851063829787234,0.07547169811320754,0.08
445,0.007955867439104279,30.173067774091447,0.17642074309253783,0.16028443457221747,0.2884097035040431,0.20022983174321135
446,0.03477589357292877,29.872332913534983,0.11629230308475592,0.07979762116101544,0.15633423180592992,0.10464051119352964
447,0.015492445574019034,30.32088954108102,0.5410669785892286,0.4259396717762663,0.5471698113207547,0.462529254437512
448,0.0057212845246606275,31.48682403564453,0.1371874709545497,0.09380333951762522,0.1509433962264151,0.11394761041085588
449,0.004491153111646198,31.433601106916154,0.10256064690026954,0.07462720816154564,0.11859838274932614,0.09112977248315592
450,0.005457245061648483,31.09164047241211,0.4451629119012357,0.3841747893430088,0.49056603773584906,0.41840032281411416
451,0.011703565358711442,32.65386227199009,0.2976950856925703,0.2457584801162759,0.3369272237196766,0.27545381483672143
452,0.009397968043625917,31.898891721452987,0.32311060248877777,0.3115276185662235,0.3638814016172507,0.3170460079234369
453,0.003772906572470125,32.14944389888218,0.06234494198059585,0.04638218923933209,0.0673854447439353,0.05494505494505494
454,0.0038543663839897455,30.77856527056013,0.5117733814779027,0.46357098733815344,0.5471698113207547,0.47435439342122754
455,0.006625040702275791,30.861824376242502,0.5117733814779027,0.4373246153640083,0.5471698113207547,0.46844715038514345
456,0.0026338943609756963,31.203706332615443,0.344435138251451,0.36778116279650197,0.3962264150943397,0.36142769864068586
457,0.0047753825629973465,32.47385597229004,0.15780495672569614,0.09850487116145394,0.16981132075471697,0.12279059224603776
458,0.007482959115702026,31.95415714808873,0.15642717724695604,0.08556887840775308,0.15902964959568733,0.11085350227964826
459,0.0026211973020525752,31.676655496869767,0.23032686982552564,0.21118494910735214,0.2776280323450135,0.23346596398048153
460,0.0012832862349174353,31.603371483939036,0.26245653046944467,0.22622527500163686,0.30458221024258764,0.2526844790975109
461,0.0014718338047628695,32.31644753047398,0.20460677525966228,0.1722326573567728,0.23180592991913745,0.19031408555602103
462,0.0019157360075041652,32.327403613499236,0.1587895405397032,0.11166970371521757,0.1778975741239892,0.13333755794211102
463,0.0010122861801031625,31.805311066763743,0.24978163217320606,0.21076417473699793,0.29380053908355797,0.23858306997687256
464,0.000991924022289239,32.03294917515346,0.2678380715048569,0.21875613203262864,0.30458221024258764,0.2478889152631922
465,0.0009031091687128932,30.90611035483224,0.335710730254171,0.2720342530951775,0.38544474393531,0.3122263779801459
466,0.000975828253189629,31.955352238246373,0.2866304622044003,0.29543130272834883,0.29649595687331537,0.28143024846639303
467,0.0009654156187162647,33.27614688873291,0.04536952703560038,0.03949621806764664,0.07277628032345014,0.051025407713305784
468,0.00454343320639312,32.91565064021519,0.13583847572578295,0.15948142262562123,0.1752021563342318,0.16048806507103194
469,0.01671690269338213,30.991464069911412,0.10343867149982959,0.09805366454145396,0.1644204851752022,0.12210490042595488
470,0.008954226320504018,32.73360170636858,0.0007435635282089412,0.005242463958060288,0.010781671159029648,0.0070546737213403815
471,0.02401194515427188,31.12476008278983,0.2804616114868874,0.24310979030233854,0.3261455525606469,0.27310823993247874
472,0.017731187649879535,31.296866008213588,0.3338758073539135,0.3002054077594933,0.3692722371967655,0.3251705841533955
473,0.006556846434250474,31.09500081198556,0.21597563139528006,0.19487476808905382,0.22371967654986522,0.20283978290284374
474,0.0065402875496250274,31.027137211390905,0.5337435793113972,0.436821155986787,0.5471698113207547,0.46941116056773013
475,0.0020361433996168793,32.789606775556294,0.10802399467702935,0.09003522357559625,0.1347708894878706,0.10661668081022917
476,0.0026606688745987586,33.00207029070173,0.00870078140472593,0.016245078962848998,0.024258760107816715,0.01945461945461944
477,0.003521546343657768,33.045717103140696,0.0754750175932442,0.05375637021206642,0.07816711590296496,0.06370296370296367
478,0.0012146153812349406,32.58051054818289,0.19445535178642342,0.17587393653113417,0.22102425876010784,0.18482261766522426
479,0.001074145798448403,32.96777125767299,0.09847372010212421,0.0751162124929023,0.11590296495956874,0.0905854002628196
480,0.0008604699715023052,31.472523144313268,0.5117733814779027,0.4294326691763608,0.5471698113207547,0.46624598903400744
481,0.0009527597235919873,32.64340959276472,0.18202109046200407,0.15801631715966627,0.2129380053908356,0.17245563530144775
482,0.0007399361007319729,33.10822718484061,0.07816711590296496,0.05311355311355311,0.07816711590296496,0.06324972737186477
483,0.000731105223750555,32.320838247026714,0.25270708626503774,0.20602253927255684,0.2641509433962264,0.22601025627285123
484,0.001534767791558549,31.182045936584473,0.35543914967197276,0.28244334191782305,0.3908355795148248,0.31936540027154914
485,0.0020384673272997563,32.29765524183001,0.3535481559937114,0.38553948558200996,0.39892183288409705,0.37390467553873413
486,0.0013762667285331157,33.55869279588972,0.07317560147748828,0.038359788359788365,0.07816711590296496,0.05146406388642414
487,0.0019537790542257564,32.58259105682373,0.31540500271795,0.24486271782160593,0.3369272237196766,0.27648759629492764
488,0.0015454095225992067,31.406339372907365,0.35543914967197276,0.2978709402619992,0.3908355795148248,0.3267903909984655
489,0.0017969639134979894,33.764933586120605,0.0007566085023880455,0.005291005291005291,0.010781671159029648,0.007098491570541253
490,0.020363929472810956,32.167623383658274,0.0003717817641044706,0.0047619047619047615,0.005390835579514824,0.005056890012642218
491,0.014789398724459252,31.59109960283552,0.3164420485175202,0.2222339495917859,0.31805929919137466,0.2557105349581407
492,0.008291875925969402,30.92702320643834,0.5117733814779027,0.4644408977008014,0.5471698113207547,0.47464373103941565
